id,full_name,first_name,last_name
203518,Alex Abrines,Alex,Abrines
1630173,Precious Achiuwa,Precious,Achiuwa
203112,Quincy Acy,Quincy,Acy
1629121,Jaylen Adams,Jaylen,Adams
203919,Jordan Adams,Jordan,Adams
203500,Steven Adams,Steven,Adams
1628389,Bam Adebayo,Bam,Adebayo
1629061,Deng Adel,Deng,Adel
202399,Jeff Adrien,Jeff,Adrien
201167,Arron Afflalo,Arron,Afflalo
1630534,Ochai Agbaji,Ochai,Agbaji
200772,Maurice Ager,Maurice,Ager
201336,Blake Ahearn,Blake,Ahearn
201582,Alexis Ajinca,Alexis,Ajinca
203006,Josh Akognon,Josh,Akognon
1629152,DeVaughn Akoon-Purcell,DeVaughn,Akoon-Purcell
202374,Solomon Alabi,Solomon,Alabi
1630583,Santi Aldama,Santi,Aldama
203128,Furkan Aldemir,Furkan,Aldemir
202332,Cole Aldrich,Cole,Aldrich
200746,LaMarcus Aldridge,LaMarcus,Aldridge
1626146,Cliff Alexander,Cliff,Alexander
1629734,Kyle Alexander,Kyle,Alexander
1630234,Ty-Shon Alexander,Ty-Shon,Alexander
1629638,Nickeil Alexander-Walker,Nickeil,Alexander-Walker
1628959,Rawle Alkins,Rawle,Alkins
1628960,Grayson Allen,Grayson,Allen
1628386,Jarrett Allen,Jarrett,Allen
1628443,Kadeem Allen,Kadeem,Allen
202730,Lavoy Allen,Lavoy,Allen
2124,Malik Allen,Malik,Allen
951,Ray Allen,Ray,Allen
2754,Tony Allen,Tony,Allen
201165,Morris Almond,Morris,Almond
1630631,Jose Alvarado,Jose,Alvarado
202329,Al-Farouq Aminu,Al-Farouq,Aminu
200811,Lou Amundson,Lou,Amundson
2365,Chris Andersen,Chris,Andersen
2431,David Andersen,David,Andersen
101187,Alan Anderson,Alan,Anderson
202341,James Anderson,James,Anderson
1626147,Justin Anderson,Justin,Anderson
203937,Kyle Anderson,Kyle,Anderson
201583,Ryan Anderson,Ryan,Anderson
1628387,Ike Anigbogu,Ike,Anigbogu
203507,Giannis Antetokounmpo,Giannis,Antetokounmpo
1628961,Kostas Antetokounmpo,Kostas,Antetokounmpo
203648,Thanasis Antetokounmpo,Thanasis,Antetokounmpo
2546,Carmelo Anthony,Carmelo,Anthony
1630175,Cole Anthony,Cole,Anthony
201202,Joel Anthony,Joel,Anthony
203544,Pero Antic,Pero,Antic
1628384,O.G. Anunoby,O.G.,Anunoby
203951,Keith Appling,Keith,Appling
1627853,Ryan Arcidiacono,Ryan,Arcidiacono
2240,Gilbert Arenas,Gilbert,Arenas
2772,Trevor Ariza,Trevor,Ariza
200756,Hilton Armstrong,Hilton,Armstrong
2306,Carlos Arroyo,Carlos,Arroyo
201589,Darrell Arthur,Darrell,Arthur
1628503,Jamel Artis,Jamel,Artis
201600,Omer Asik,Omer,Asik
201571,D.J. Augustin,D.J.,Augustin
1630166,Deni Avdija,Deni,Avdija
1630555,Joel Ayayi,Joel,Ayayi
202970,Gustavo Ayon,Gustavo,Ayon
201965,Jeff Ayres,Jeff,Ayres
1629028,Deandre Ayton,Deandre,Ayton
101235,Kelenna Azubuike,Kelenna,Azubuike
1628962,Udoka Azubuike,Udoka,Azubuike
203569,Chris Babb,Chris,Babb
202337,Luke Babbitt,Luke,Babbitt
1628407,Dwayne Bacon,Dwayne,Bacon
1628963,Marvin Bagley III,Marvin,Bagley III
203946,Cameron Bairstow,Cameron,Bairstow
1627758,Ron Baker,Ron,Baker
1627735,Wade Baldwin IV,Wade,Baldwin IV
1631116,Patrick Baldwin Jr.,Patrick,Baldwin Jr.
200764,Renaldo Balkman,Renaldo,Balkman
1630163,LaMelo Ball,LaMelo,Ball
1628366,Lonzo Ball,Lonzo,Ball
1628964,Mo Bamba,Mo,Bamba
1631094,Paolo Banchero,Paolo,Banchero
1630217,Desmond Bane,Desmond,Bane
2556,Marcus Banks,Marcus,Banks
1630625,Dalano Banton,Dalano,Banton
1627760,Cat Barber,Cat,Barber
2571,Leandro Barbosa,Leandro,Barbosa
200826,J.J. Barea,J.J.,Barea
200745,Andrea Bargnani,Andrea,Bargnani
1631230,Dominick Barlow,Dominick,Barlow
203084,Harrison Barnes,Harrison,Barnes
2440,Matt Barnes,Matt,Barnes
1630567,Scottie Barnes,Scottie,Barnes
1629628,RJ Barrett,RJ,Barrett
2853,Earl Barron,Earl,Barron
203115,Will Barton,Will,Barton
101138,Brandon Bass,Brandon,Bass
1628238,Paris Bass,Paris,Bass
1629646,Charles Bassey,Charles,Bassey
1628966,Keita Bates-Diop,Keita,Bates-Diop
1499,Tony Battie,Tony,Battie
2203,Shane Battier,Shane,Battier
201587,Nicolas Batum,Nicolas,Batum
201573,Jerryd Bayless,Jerryd,Bayless
203382,Aron Baynes,Aron,Baynes
203145,Kent Bazemore,Kent,Bazemore
1629647,Darius Bazley,Darius,Bazley
203078,Bradley Beal,Bradley,Beal
1627736,Malik Beasley,Malik,Beasley
201563,Michael Beasley,Michael,Beasley
201958,Rodrigue Beaubois,Rodrigue,Beaubois
1630699,MarJon Beauchamp,MarJon,Beauchamp
201158,Marco Belinelli,Marco,Belinelli
2294,Charlie Bell,Charlie,Bell
1628395,Jordan Bell,Jordan,Bell
1952,Raja Bell,Raja,Bell
1627761,DeAndre' Bembry,DeAndre',Bembry
1627733,Dragan Bender,Dragan,Bender
203968,Jerrelle Benimon,Jerrelle,Benimon
203461,Anthony Bennett,Anthony,Bennett
202728,Keith Benson,Keith,Benson
1627791,Ben Bentil,Ben,Bentil
1631262,Jules Bernard,Jules,Bernard
1629541,Dairis Bertans,Dairis,Bertans
202722,Davis Bertans,Davis,Bertans
201976,Patrick Beverley,Patrick,Beverley
1630180,Saddiq Bey,Saddiq,Bey
1630189,Tyler Bey,Tyler,Bey
204021,Sim Bhullar,Sim,Bhullar
1710,Mike Bibby,Mike,Bibby
2740,Andris Biedrins,Andris,Biedrins
1497,Chauncey Billups,Chauncey,Billups
203920,Khem Birch,Khem,Birch
1628444,Jabari Bird,Jabari,Bird
1629048,Goga Bitadze,Goga,Bitadze
202687,Bismack Biyombo,Bismack,Biyombo
202357,Nemanja Bjelica,Nemanja,Bjelica
204028,Tarik Black,Tarik,Black
201971,DeJuan Blair,DeJuan,Blair
2581,Steve Blake,Steve,Blake
202392,Marqus Blakely,Marqus,Blakely
1628469,Antonio Blakeney,Antonio,Blakeney
101154,Andray Blatche,Andray,Blatche
202339,Eric Bledsoe,Eric,Bledsoe
1629833,Keljin Blevins,Keljin,Blevins
1628417,Jaron Blossomgame,Jaron,Blossomgame
203505,Vander Blue,Vander,Blue
1629129,Trevon Bluiett,Trevon,Bluiett
1631205,Buddy Boeheim,Buddy,Boeheim
2586,Keith Bogans,Keith,Bogans
203992,Bogdan Bogdanovic,Bogdan,Bogdanovic
202711,Bojan Bogdanovic,Bojan,Bogdanovic
101106,Andrew Bogut,Andrew,Bogut
1629626,Bol Bol,Bol,Bol
1628413,Jonah Bolden,Jonah,Bolden
1629716,Marques Bolden,Marques,Bolden
1630195,Leandro Bolmaro,Leandro,Bolmaro
1627762,Joel Bolomboy,Joel,Bolomboy
1629648,Jordan Bone,Jordan,Bone
1629067,Isaac Bonga,Isaac,Bonga
2588,Matt Bonner,Matt,Bonner
1626164,Devin Booker,Devin,Booker
202344,Trevor Booker,Trevor,Booker
2430,Carlos Boozer,Carlos,Boozer
2547,Chris Bosh,Chris,Bosh
1630527,Brandon Boston,Brandon,Boston
1628449,Chris Boucher,Chris,Boucher
1630547,James Bouknight,James,Bouknight
1631123,Jamaree Bouyea,Jamaree,Bouyea
1628968,Brian Bowen II,Brian,Bowen II
1629065,Ky Bowman,Ky,Bowman
1863,Earl Boykins,Earl,Boykins
202342,Craig Brackins,Craig,Brackins
202340,Avery Bradley,Avery,Bradley
1628396,Tony Bradley,Tony,Bradley
1882,Elton Brand,Elton,Brand
1631103,Malaki Branham,Malaki,Branham
1629714,Jarrell Brantley,Jarrell,Brantley
1631128,Christian Braun,Christian,Braun
1629649,Ignas Brazdeikis,Ignas,Brazdeikis
201147,Corey Brewer,Corey,Brewer
200758,Ronnie Brewer,Ronnie,Brewer
1628969,Mikal Bridges,Mikal,Bridges
1628970,Miles Bridges,Miles,Bridges
1628578,Amida Brimah,Amida,Brimah
1628515,Isaiah Briscoe,Isaiah,Briscoe
1629052,Oshae Brissett,Oshae,Brissett
201972,Jon Brockman,Jon,Brockman
1629151,Ryan Broekhoff,Ryan,Broekhoff
1627763,Malcolm Brogdon,Malcolm,Brogdon
201166,Aaron Brooks,Aaron,Brooks
1629717,Armoni Brooks,Armoni,Brooks
1628415,Dillon Brooks,Dillon,Brooks
202705,MarShon Brooks,MarShon,Brooks
1626148,Anthony Brown,Anthony,Brown
201628,Bobby Brown,Bobby,Brown
1628971,Bruce Brown,Bruce,Brown
201974,Derrick Brown,Derrick,Brown
203913,Jabari Brown,Jabari,Brown
1627759,Jaylen Brown,Jaylen,Brown
1631112,Kendall Brown,Kendall,Brown
2198,Kwame Brown,Kwame,Brown
203485,Lorenzo Brown,Lorenzo,Brown
203900,Markel Brown,Markel,Brown
1629650,Moses Brown,Moses,Brown
200769,Shannon Brown,Shannon,Brown
1628425,Sterling Brown,Sterling,Brown
1630535,Greg Brown III,Greg,Brown III
1629718,Charlie Brown Jr.,Charlie,Brown Jr.
1630602,Chaundee Brown Jr.,Chaundee,Brown Jr.
1628972,Troy Brown Jr.,Troy,Brown Jr.
1628973,Jalen Brunson,Jalen,Brunson
1627852,Nicolas Brussino,Nicolas,Brussino
1629091,Elijah Bryant,Elijah,Bryant
977,Kobe Bryant,Kobe,Bryant
1628418,Thomas Bryant,Thomas,Bryant
1629783,Shaq Buchanan,Shaq,Buchanan
201978,Chase Budinger,Chase,Budinger
203493,Reggie Bullock,Reggie,Bullock
203504,Trey Burke,Trey,Burke
202692,Alec Burks,Alec,Burks
1629126,Deonte Burton,Deonte,Burton
2406,Caron Butler,Caron,Butler
1630215,Jared Butler,Jared,Butler
202710,Jimmy Butler,Jimmy,Butler
2446,Rasual Butler,Rasual,Butler
202779,Dwight Buycks,Dwight,Buycks
201182,Derrick Byars,Derrick,Byars
101115,Andrew Bynum,Andrew,Bynum
101198,Will Bynum,Will,Bynum
203998,Bruno Caboclo,Bruno,Caboclo
1629719,Devontae Cacok,Devontae,Cacok
1631288,Jamal Cain,Jamal,Cain
201979,Nick Calathes,Nick,Calathes
101181,Jose Calderon,Jose,Calderon
203484,Kentavious Caldwell-Pope,Kentavious,Caldwell-Pope
948,Marcus Camby,Marcus,Camby
1630267,Facundo Campazzo,Facundo,Campazzo
203477,Isaiah Canaan,Isaiah,Canaan
1628427,Vlatko Cancar,Vlatko,Cancar
1629962,Devin Cannady,Devin,Cannady
203991,Clint Capela,Clint,Capela
202382,Derrick Caracter,Derrick,Caracter
2073,Brian Cardinal,Brian,Cardinal
1630176,Vernon Carey Jr.,Vernon,Carey Jr.
200760,Rodney Carney,Rodney,Carney
201960,DeMarre Carroll,DeMarre,Carroll
2679,Matt Carroll,Matt,Carroll
1853,Anthony Carter,Anthony,Carter
1628975,Jevon Carter,Jevon,Carter
1713,Vince Carter,Vince,Carter
1628976,Wendell Carter Jr.,Wendell,Carter Jr.
203487,Michael Carter-Williams,Michael,Carter-Williams
1627936,Alex Caruso,Alex,Caruso
201956,Omri Casspi,Omri,Casspi
1626161,Willie Cauley-Stein,Willie,Cauley-Stein
1628505,Troy Caupain,Troy,Caupain
1628463,Tyler Cavanaugh,Tyler,Cavanaugh
1629958,Ahmad Caver,Ahmad,Caver
201596,Mario Chalmers,Mario,Chalmers
1630577,Julian Champagnie,Julian,Champagnie
1630551,Justin Champagnie,Justin,Champagnie
1631113,Kennedy Chandler,Kennedy,Chandler
2199,Tyson Chandler,Tyson,Chandler
201163,Wilson Chandler,Wilson,Chandler
1629147,Joe Chealey,Joe,Chealey
1629597,Zylan Cheatham,Zylan,Cheatham
203805,Will Cherry,Will,Cherry
2735,Josh Childress,Josh,Childress
1629185,Chris Chiozza,Chris,Chiozza
1627737,Marquese Chriss,Marquese,Chriss
1631108,Max Christie,Max,Christie
202091,Dionte Christmas,Dionte,Christmas
1626176,Rakeem Christmas,Rakeem,Christmas
203902,Semaj Christon,Semaj,Christon
1630528,Josh Christopher,Josh,Christopher
203565,Patrick Christopher,Patrick,Christopher
201947,Earl Clark,Earl,Clark
1629109,Gary Clark,Gary,Clark
203546,Ian Clark,Ian,Clark
1629634,Brandon Clarke,Brandon,Clarke
1626262,Coty Clarke,Coty,Clarke
203903,Jordan Clarkson,Jordan,Clarkson
1628492,Gian Clavell,Gian,Clavell
201964,Victor Claver,Victor,Claver
1629651,Nic Claxton,Nic,Claxton
1629598,Chris Clemons,Chris,Clemons
1628499,Antonius Cleveland,Antonius,Cleveland
1629599,Amir Coffey,Amir,Coffey
202708,Norris Cole,Norris,Cole
2260,Jarron Collins,Jarron,Collins
2215,Jason Collins,Jason,Collins
1628381,John Collins,John,Collins
202395,Sherron Collins,Sherron,Collins
1628380,Zach Collins,Zach,Collins
1627858,Kyle Collinsworth,Kyle,Collinsworth
201954,Darren Collison,Darren,Collison
2555,Nick Collison,Nick,Collison
1629045,Bonzie Colson,Bonzie,Colson
201144,Mike Conley,Mike,Conley
1626192,Pat Connaughton,Pat,Connaughton
101215,Will Conroy,Will,Conroy
2567,Brian Cook,Brian,Cook
201161,Daequan Cook,Daequan,Cook
1626188,Quinn Cook,Quinn,Cook
1629076,Tyler Cook,Tyler,Cook
1628429,Charles Cooke,Charles,Cooke
204022,Jack Cooley,Jack,Cooley
1630536,Sharife Cooper,Sharife,Cooper
203142,Chris Copeland,Chris,Copeland
1627822,Petr Cornelie,Petr,Cornelie
1627856,Matt Costello,Matt,Costello
203955,Bryce Cotton,Bryce,Cotton
202408,Marcus Cousin,Marcus,Cousin
202326,DeMarcus Cousins,DeMarcus,Cousins
203496,Robert Covington,Robert,Covington
203459,Allen Crabbe,Allen,Crabbe
1628470,Torrey Craig,Torrey,Craig
2037,Jamal Crawford,Jamal,Crawford
202348,Jordan Crawford,Jordan,Crawford
1628249,Mitchell Creek,Mitchell,Creek
203109,Jae Crowder,Jae,Crowder
1630622,Jalen Crutcher,Jalen,Crutcher
1629633,Jarrett Culver,Jarrett,Culver
1629600,Jarron Cumberland,Jarron,Cumberland
1630595,Cade Cunningham,Cade,Cunningham
201967,Dante Cunningham,Dante,Cunningham
203099,Jared Cunningham,Jared,Cunningham
2201,Eddy Curry,Eddy,Curry
203552,Seth Curry,Seth,Curry
201939,Stephen Curry,Stephen,Curry
2223,Samuel Dalembert,Samuel,Dalembert
956,Erick Dampier,Erick,Dampier
1498,Antonio Daniels,Antonio,Daniels
1630700,Dyson Daniels,Dyson,Daniels
2605,Marquis Daniels,Marquis,Daniels
203584,Troy Daniels,Troy,Daniels
1630268,Nate Darling,Nate,Darling
203540,Gigi Datome,Gigi,Datome
203561,Brandon Davies,Brandon,Davies
203076,Anthony Davis,Anthony,Davis
1884,Baron Davis,Baron,Davis
1627738,Deyonta Davis,Deyonta,Davis
202334,Ed Davis,Ed,Davis
201175,Glen Davis,Glen,Davis
1631098,Johnny Davis,Johnny,Davis
2668,Josh Davis,Josh,Davis
1629056,Terence Davis,Terence,Davis
1629093,Tyler Davis,Tyler,Davis
1631120,JD Davison,JD,Davison
203958,Andre Dawkins,Andre,Dawkins
1626183,Branden Dawson,Branden,Dawson
201286,Eric Dawson,Eric,Dawson
201948,Austin Daye,Austin,Daye
1630620,Darius Days,Darius,Days
201986,Nando De Colo,Nando,De Colo
1629602,Javin DeLaurier,Javin,DeLaurier
201942,DeMar DeRozan,DeMar,DeRozan
1630466,Gabriel Deck,Gabriel,Deck
203473,Dewayne Dedmon,Dewayne,Dedmon
1626214,Bryce Dejean-Jones,Bryce,Dejean-Jones
1626155,Sam Dekker,Sam,Dekker
1627098,Malcolm Delaney,Malcolm,Delaney
2568,Carlos Delfino,Carlos,Delfino
1629116,Angel Delgado,Angel,Delgado
203521,Matthew Dellavedova,Matthew,Dellavedova
2736,Luol Deng,Luol,Deng
202458,Justin Dentmon,Justin,Dentmon
1629094,Marcus Derrickson,Marcus,Derrickson
1628978,Donte DiVincenzo,Donte,DiVincenzo
1631217,Moussa Diabate,Moussa,Diabate
1629603,Mamadi Diakite,Mamadi,Diakite
1627767,Cheick Diallo,Cheick,Diallo
1628977,Hamidou Diallo,Hamidou,Diallo
2564,Boris Diaw,Boris,Diaw
203476,Gorgui Dieng,Gorgui,Dieng
1631172,Ousmane Dieng,Ousmane,Dieng
203915,Spencer Dinwiddie,Spencer,Dinwiddie
101113,Ike Diogu,Ike,Diogu
2205,DeSagana Diop,DeSagana,Diop
1629029,Luka Doncic,Luka,Doncic
2039,Keyon Dooling,Keyon,Dooling
201595,Joey Dorsey,Joey,Dorsey
1628416,Tyler Dorsey,Tyler,Dorsey
1629652,Luguentz Dort,Luguentz,Dort
1630245,Ayo Dosunmu,Ayo,Dosunmu
1628422,Damyean Dotson,Damyean,Dotson
1629653,Devon Dotson,Devon,Dotson
201962,Toney Douglas,Toney,Douglas
201604,Chris Douglas-Roberts,Chris,Douglas-Roberts
1629635,Sekou Doumbouya,Sekou,Doumbouya
202220,Zabian Dowdell,Zabian,Dowdell
1630288,Jeff Dowtin,Jeff,Dowtin
1628495,Milton Doyle,Milton,Doyle
1628408,P.J. Dozier,P.J.,Dozier
201609,Goran Dragic,Goran,Dragic
204054,Zoran Dragic,Zoran,Dragic
203580,Larry Drew II,Larry,Drew II
203083,Andre Drummond,Andre,Drummond
1630537,Chris Duarte,Chris,Duarte
201162,Jared Dudley,Jared,Dudley
2768,Chris Duhon,Chris,Duhon
1626251,Duje Dukan,Duje,Dukan
1630561,David Duke Jr.,David,Duke Jr.
1495,Tim Duncan,Tim,Duncan
2399,Mike Dunleavy,Mike,Dunleavy
1627739,Kris Dunn,Kris,Dunn
2648,Ronald Dupree,Ronald,Dupree
201142,Kevin Durant,Kevin,Durant
1631105,Jalen Duren,Jalen,Duren
1628979,Trevon Duval,Trevon,Duval
202406,Jerome Dyson,Jerome,Dyson
203921,Cleanthony Early,Cleanthony,Early
1631106,Tari Eason,Tari,Eason
202365,Devin Ebanks,Devin,Ebanks
1630693,Jaime Echenique,Jaime,Echenique
204067,Jarell Eddie,Jarell,Eddie
1630162,Anthony Edwards,Anthony,Edwards
1629035,Carsen Edwards,Carsen,Edwards
1630556,Kessler Edwards,Kessler,Edwards
1630306,Rob Edwards,Rob,Edwards
202197,Shane Edwards,Shane,Edwards
1629053,Vincent Edwards,Vincent,Edwards
1629604,CJ Elleby,CJ,Elleby
1627740,Henry Ellenson,Henry,Ellenson
201961,Wayne Ellington,Wayne,Ellington
1631165,Keon Ellis,Keon,Ellis
101145,Monta Ellis,Monta,Ellis
1922,Francisco Elson,Francisco,Elson
2408,Melvin Ely,Melvin,Ely
203954,Joel Embiid,Joel,Embiid
2765,Andre Emmett,Andre,Emmett
203119,Kim English,Kim,English
203898,Tyler Ennis,Tyler,Ennis
203516,James Ennis III,James,Ennis III
201623,Semih Erden,Semih,Erden
1629234,Drew Eubanks,Drew,Eubanks
1628980,Jacob Evans,Jacob,Evans
1628393,Jawun Evans,Jawun,Evans
202379,Jeremy Evans,Jeremy,Evans
2230,Maurice Evans,Maurice,Evans
2501,Reggie Evans,Reggie,Evans
201936,Tyreke Evans,Tyreke,Evans
201607,Patrick Ewing,Patrick,Ewing
203957,Dante Exum,Dante,Exum
201963,Christian Eyenga,Christian,Eyenga
203105,Festus Ezeli,Festus,Ezeli
1629605,Tacko Fall,Tacko,Fall
202702,Kenneth Faried,Kenneth,Faried
200770,Jordan Farmar,Jordan,Farmar
203543,Vitor Faverani,Vitor,Faverani
202324,Derrick Favors,Derrick,Favors
1627770,Kay Felder,Kay,Felder
1626245,Cristiano Felicio,Cristiano,Felicio
203467,Carrick Felix,Carrick,Felix
101109,Raymond Felton,Raymond,Felton
1628390,Terrance Ferguson,Terrance,Ferguson
201164,Rudy Fernandez,Rudy,Fernandez
1628981,Bruno Fernando,Bruno,Fernando
1627812,Yogi Ferrell,Yogi,Ferrell
201178,Kyrylo Fesenko,Kyrylo,Fesenko
202361,Landry Fields,Landry,Fields
1627827,Dorian Finney-Smith,Dorian,Finney-Smith
965,Derek Fisher,Derek,Fisher
1630238,Malik Fitts,Malik,Fitts
201938,Jonny Flynn,Jonny,Flynn
1630201,Malachi Flynn,Malachi,Flynn
1631323,Simone Fontecchio,Simone,Fontecchio
202880,Jeff Foote,Jeff,Foote
1627854,Bryn Forbes,Bryn,Forbes
201814,Gary Forbes,Gary,Forbes
1630758,Aleem Ford,Aleem,Ford
2551,T.J. Ford,T.J.,Ford
1630235,Trent Forrest,Trent,Forrest
202622,Courtney Fortson,Courtney,Fortson
1902,Jeff Foster,Jeff,Foster
1630701,Michael Foster Jr.,Michael,Foster Jr.
203095,Evan Fournier,Evan,Fournier
1628368,De'Aaron Fox,De'Aaron,Fox
200751,Randy Foye,Randy,Foye
203479,Jamaal Franklin,Jamaal,Franklin
1629606,Robert Franks,Robert,Franks
204025,Tim Frazier,Tim,Frazier
1626187,Michael Frazier II,Michael,Frazier II
1628982,Melvin Frazier Jr.,Melvin,Frazier Jr.
202690,Jimmer Fredette,Jimmer,Fredette
202683,Enes Freedom,Enes,Freedom
200777,Joel Freeland,Joel,Freeland
101112,Channing Frye,Channing,Frye
1628365,Markelle Fultz,Markelle,Fultz
1629117,Wenyen Gabriel,Wenyen,Gabriel
2429,Dan Gadzuric,Dan,Gadzuric
1629655,Daniel Gafford,Daniel,Gafford
202178,Sundiata Gaines,Sundiata,Gaines
201568,Danilo Gallinari,Danilo,Gallinari
204038,Langston Galloway,Langston,Galloway
101128,Francisco Garcia,Francisco,Garcia
1627868,Patricio Garino,Patricio,Garino
1629636,Darius Garland,Darius,Garland
708,Kevin Garnett,Kevin,Garnett
1628656,Billy Garrett,Billy,Garrett
203197,Diante Garrett,Diante,Garrett
1630585,Marcus Garrett,Marcus,Garrett
1630586,Usman Garuba,Usman,Garuba
1630568,Luka Garza,Luka,Garza
201188,Marc Gasol,Marc,Gasol
2200,Pau Gasol,Pau,Gasol
200752,Rudy Gay,Rudy,Gay
1627771,Michael Gbinije,Michael,Gbinije
202087,Alonzo Gee,Alonzo,Gee
101153,Mickael Gelabale,Mickael,Gelabale
202331,Paul George,Paul,George
1627875,Marcus Georges-Hunt,Marcus,Georges-Hunt
200789,Daniel Gibson,Daniel,Gibson
1626780,Jonathan Gibson,Jonathan,Gibson
201959,Taj Gibson,Taj,Gibson
1630581,Josh Giddey,Josh,Giddey
1628385,Harry Giles III,Harry,Giles III
1628983,Shai Gilgeous-Alexander,Shai,Gilgeous-Alexander
1630264,Anthony Gill,Anthony,Gill
1631221,Collin Gillespie,Collin,Gillespie
1630273,Freddie Gillespie,Freddie,Gillespie
1938,Manu Ginobili,Manu,Ginobili
202148,Mickell Gladness,Mickell,Gladness
203497,Rudy Gobert,Rudy,Gobert
101155,Ryan Gomes,Ryan,Gomes
2400,Drew Gooden,Drew,Gooden
203462,Archie Goodwin,Archie,Goodwin
1629164,Brandon Goodwin,Brandon,Goodwin
1630692,Jordan Goodwin,Jordan,Goodwin
203932,Aaron Gordon,Aaron,Gordon
2732,Ben Gordon,Ben,Gordon
204079,Drew Gordon,Drew,Gordon
201569,Eric Gordon,Eric,Gordon
101162,Marcin Gortat,Marcin,Gortat
202726,Andrew Goudelock,Andrew,Goudelock
1628984,Devonte' Graham,Devonte',Graham
101121,Joey Graham,Joey,Graham
101211,Stephen Graham,Stephen,Graham
1626203,Treveon Graham,Treveon,Graham
101122,Danny Granger,Danny,Granger
203924,Jerami Grant,Jerami,Grant
1626170,Jerian Grant,Jerian,Grant
1629055,Donte Grantham,Donte,Grantham
1629755,Hassani Gravett,Hassani,Gravett
201189,Aaron Gray,Aaron,Gray
1627982,Josh Gray,Josh,Gray
1630564,RaiQuan Gray,RaiQuan,Gray
1631260,A.J. Green,A.J.,Green
201980,Danny Green,Danny,Green
203110,Draymond Green,Draymond,Green
203475,Erick Green,Erick,Green
101123,Gerald Green,Gerald,Green
203210,JaMychal Green,JaMychal,Green
1630224,Jalen Green,Jalen,Green
1629750,Javonte Green,Javonte,Green
201145,Jeff Green,Jeff,Green
1630182,Josh Green,Josh,Green
2584,Willie Green,Willie,Green
201590,Donte Greene,Donte,Greene
101158,Orien Greene,Orien,Greene
1631100,AJ Griffin,AJ,Griffin
201933,Blake Griffin,Blake,Griffin
1629656,Quentin Grimes,Quentin,Grimes
1629741,Marko Guduric,Marko,Guduric
1631338,Mouhamadou Gueye,Mouhamadou,Gueye
203268,Jorge Gutierrez,Jorge,Gutierrez
1629657,Kyle Guy,Kyle,Guy
1629060,Rui Hachimura,Rui,Hachimura
201632,Hamed Haddadi,Hamed,Haddadi
1630204,Ashton Hagans,Ashton,Hagans
203798,PJ Hairston,PJ,Hairston
1630169,Tyrese Haliburton,Tyrese,Haliburton
1628985,Devon Hall,Devon,Hall
1629743,Donta Hall,Donta,Hall
1631160,Jordan Hall,Jordan,Hall
1630221,Josh Hall,Josh,Hall
1629788,Tyler Hall,Tyler,Hall
1627772,Daniel Hamilton,Daniel,Hamilton
202706,Jordan Hamilton,Jordan,Hamilton
203120,Justin Hamilton,Justin,Hamilton
1888,Richard Hamilton,Richard,Hamilton
1627773,AJ Hammons,AJ,Hammons
1630181,R.J. Hampton,R.J.,Hampton
1628605,Dusty Hannahs,Dusty,Hannahs
203162,Ben Hansbrough,Ben,Hansbrough
201946,Tyler Hansbrough,Tyler,Hansbrough
202376,Luke Harangody,Luke,Harangody
203501,Tim Hardaway Jr.,Tim,Hardaway Jr.
201935,James Harden,James,Harden
1630702,Jaden Hardy,Jaden,Hardy
203090,Maurice Harkless,Maurice,Harkless
1629607,Jared Harper,Jared,Harper
202712,Justin Harper,Justin,Harper
1631199,Ron Harper Jr.,Ron,Harper Jr.
1626149,Montrezl Harrell,Montrezl,Harrell
202725,Josh Harrellson,Josh,Harrellson
1733,Al Harrington,Al,Harrington
2734,Devin Harris,Devin,Harris
203548,Elias Harris,Elias,Harris
203914,Gary Harris,Gary,Harris
1630223,Jalen Harris,Jalen,Harris
203925,Joe Harris,Joe,Harris
1630284,Kevon Harris,Kevon,Harris
202412,Manny Harris,Manny,Harris
200839,Mike Harris,Mike,Harris
202227,Terrel Harris,Terrel,Harris
202699,Tobias Harris,Tobias,Harris
1626151,Aaron Harrison,Aaron,Harrison
1626150,Andrew Harrison,Andrew,Harrison
1627885,Shaquille Harrison,Shaquille,Harrison
1628404,Josh Hart,Josh,Hart
1628392,Isaiah Hartenstein,Isaiah,Hartenstein
2617,Udonis Haslem,Udonis,Haslem
1630573,Sam Hauser,Sam,Hauser
201150,Spencer Hawes,Spencer,Hawes
101236,Chuck Hayes,Chuck,Hayes
1629637,Jaxson Hayes,Jaxson,Hayes
1630165,Killian Hayes,Killian,Hayes
1628502,Nigel Hayes,Nigel,Hayes
202330,Gordon Hayward,Gordon,Hayward
202351,Lazar Hayward,Lazar,Hayward
2217,Brendan Haywood,Brendan,Haywood
101129,Luther Head,Luther,Head
203687,Reggie Hearn,Reggie,Hearn
201945,Gerald Henderson,Gerald,Henderson
1630565,Aaron Henry,Aaron,Henry
1627988,Myke Henry,Myke,Henry
202333,Xavier Henry,Xavier,Henry
203089,John Henson,John,Henson
1629608,Dewan Hernandez,Dewan,Hernandez
1627823,Juancho Hernangomez,Juancho,Hernangomez
1626195,Willy Hernangomez,Willy,Hernangomez
1629639,Tyler Herro,Tyler,Herro
1628987,Kevin Hervey,Kevin,Hervey
1626209,Mario Hezonja,Mario,Hezonja
201579,Roy Hibbert,Roy,Hibbert
1628439,Isaiah Hicks,Isaiah,Hicks
201581,JJ Hickson,JJ,Hickson
1627741,Buddy Hield,Buddy,Hield
202809,Cory Higgins,Cory,Higgins
1629312,Haywood Highsmith,Haywood,Highsmith
201588,George Hill,George,Hill
255,Grant Hill,Grant,Hill
201941,Jordan Hill,Jordan,Hill
1630792,Malcolm Hill,Malcolm,Hill
203524,Solomon Hill,Solomon,Hill
1626199,Darrun Hilliard,Darrun,Hilliard
2550,Kirk Hinrich,Kirk,Hinrich
1630207,Nate Hinton,Nate,Hinton
1629658,Jaylen Hoard,Jaylen,Hoard
202359,Darington Hobson,Darington,Hobson
1628988,Aaron Holiday,Aaron,Holiday
201950,Jrue Holiday,Jrue,Holiday
203200,Justin Holiday,Justin,Holiday
204066,John Holland,John,Holland
200797,Ryan Hollins,Ryan,Hollins
1626178,Rondae Hollis-Jefferson,Rondae,Hollis-Jefferson
1626158,Richaun Holmes,Richaun,Holmes
1631096,Chet Holmgren,Chet,Holmgren
202715,Tyler Honeycutt,Tyler,Honeycutt
203918,Rodney Hood,Rodney,Hood
203816,Scotty Hopson,Scotty,Hopson
201143,Al Horford,Al,Horford
202862,Dennis Horner,Dennis,Horner
1629659,Talen Horton-Tucker,Talen,Horton-Tucker
2067,Eddie House,Eddie,House
1627863,Danuel House Jr.,Danuel,House Jr.
1631216,Caleb Houstan,Caleb,Houstan
2730,Dwight Howard,Dwight,Howard
2572,Josh Howard,Josh,Howard
436,Juwan Howard,Juwan,Howard
1630210,Markus Howard,Markus,Howard
1629739,William Howard,William,Howard
1631309,Trevor Hudgins,Trevor,Hudgins
201991,Lester Hudson,Lester,Hudson
1626273,Marcelo Huertas,Marcelo,Huertas
1628989,Kevin Huerter,Kevin,Huerter
203962,Josh Huestis,Josh,Huestis
1630643,Jay Huff,Jay,Huff
1630190,Elijah Hughes,Elijah,Hughes
1716,Larry Hughes,Larry,Hughes
203133,Robbie Hummel,Robbie,Hummel
1629353,Isaac Humphries,Isaac,Humphries
2743,Kris Humphries,Kris,Humphries
1630624,Feron Hunt,Feron,Hunt
1629631,De'Andre Hunter,De'Andre,Hunter
1626154,RJ Hunter,RJ,Hunter
1626205,Vincent Hunter,Vincent,Hunter
1630562,Matt Hurt,Matt,Hurt
1628990,Chandler Hutchison,Chandler,Hutchison
1630538,Bones Hyland,Bones,Hyland
201586,Serge Ibaka,Serge,Ibaka
2738,Andre Iguodala,Andre,Iguodala
980,Zydrunas Ilgauskas,Zydrunas,Ilgauskas
101141,Ersan Ilyasova,Ersan,Ilyasova
204060,Joe Ingles,Joe,Ingles
203996,Damien Inglis,Damien,Inglis
201281,Andre Ingram,Andre,Ingram
1627742,Brandon Ingram,Brandon,Ingram
202681,Kyrie Irving,Kyrie,Irving
1628371,Jonathan Isaac,Jonathan,Isaac
1631093,Jaden Ivey,Jaden,Ivey
2767,Royal Ivey,Royal,Ivey
1628411,Wes Iwundu,Wes,Iwundu
101127,Jarrett Jack,Jarrett,Jack
1628935,Aaron Jackson,Aaron,Jackson
201616,Darnell Jackson,Darnell,Jackson
1627743,Demetrius Jackson,Demetrius,Jackson
1628402,Frank Jackson,Frank,Jackson
1630543,Isaiah Jackson,Isaiah,Jackson
1628367,Josh Jackson,Josh,Jackson
1628382,Justin Jackson,Justin,Jackson
203510,Pierre Jackson,Pierre,Jackson
1631245,Quenton Jackson,Quenton,Jackson
202704,Reggie Jackson,Reggie,Jackson
1536,Stephen Jackson,Stephen,Jackson
1628991,Jaren Jackson Jr.,Jaren,Jackson Jr.
203108,Bernard James,Bernard,James
202345,Damion James,Damion,James
1629713,Justin James,Justin,James
2544,LeBron James,LeBron,James
2229,Mike James,Mike,James
1628455,Mike James,Mike,James
1712,Antawn Jamison,Antawn,Jamison
1630610,DeJon Jarreau,DeJon,Jarreau
201785,Othyus Jeffers,Othyus,Jeffers
2744,Al Jefferson,Al,Jefferson
1628518,Amile Jefferson,Amile,Jefferson
203928,Cory Jefferson,Cory,Jefferson
2210,Richard Jefferson,Richard,Jefferson
1629610,DaQuan Jeffries,DaQuan,Jeffries
2407,Jared Jeffries,Jared,Jeffries
202724,Charles Jenkins,Charles,Jenkins
203098,John Jenkins,John,Jenkins
201943,Brandon Jennings,Brandon,Jennings
201973,Jonas Jerebko,Jonas,Jerebko
1629660,Ty Jerome,Ty,Jerome
203511,Grant Jerrett,Grant,Jerrett
200817,Pooh Jeter,Pooh,Jeter
1630198,Isaiah Joe,Isaiah,Joe
1628993,Alize Johnson,Alize,Johnson
101161,Amir Johnson,Amir,Johnson
202356,Armon Johnson,Armon,Johnson
1629168,BJ Johnson,BJ,Johnson
1627744,Brice Johnson,Brice,Johnson
1629661,Cameron Johnson,Cameron,Johnson
201291,Carldell Johnson,Carldell,Johnson
202419,Chris Johnson,Chris,Johnson
203187,Chris Johnson,Chris,Johnson
1626177,Dakari Johnson,Dakari,Johnson
1630525,David Johnson,David,Johnson
201274,Ivan Johnson,Ivan,Johnson
202707,JaJuan Johnson,JaJuan,Johnson
1630552,Jalen Johnson,Jalen,Johnson
201949,James Johnson,James,Johnson
2207,Joe Johnson,Joe,Johnson
1629640,Keldon Johnson,Keldon,Johnson
1630553,Keon Johnson,Keon,Johnson
203910,Nick Johnson,Nick,Johnson
204179,Omari Johnson,Omari,Johnson
203111,Orlando Johnson,Orlando,Johnson
1626169,Stanley Johnson,Stanley,Johnson
201234,Trey Johnson,Trey,Johnson
204020,Tyler Johnson,Tyler,Johnson
202325,Wesley Johnson,Wesley,Johnson
203130,Darius Johnson-Odom,Darius,Johnson-Odom
203999,Nikola Jokic,Nikola,Jokic
1630637,Carlik Jones,Carlik,Jones
2563,Dahntay Jones,Dahntay,Jones
1627745,Damian Jones,Damian,Jones
203199,DeQuan Jones,DeQuan,Jones
202346,Dominique Jones,Dominique,Jones
1630529,Herbert Jones,Herbert,Jones
1627883,Jalen Jones,Jalen,Jones
2592,James Jones,James,Jones
1629203,Jemerrio Jones,Jemerrio,Jones
1630539,Kai Jones,Kai,Jones
203158,Kevin Jones,Kevin,Jones
1630222,Mason Jones,Mason,Jones
200780,Solomon Jones,Solomon,Jones
203093,Terrence Jones,Terrence,Jones
1630200,Tre Jones,Tre,Jones
1626145,Tyus Jones,Tyus,Jones
203103,Perry Jones III,Perry,Jones III
1627884,Derrick Jones Jr.,Derrick,Jones Jr.
201599,DeAndre Jordan,DeAndre,Jordan
202366,Jerome Jordan,Jerome,Jordan
202709,Cory Joseph,Cory,Joseph
203126,Kris Joseph,Kris,Joseph
1631107,Nikola Jovic,Nikola,Jovic
1630548,Johnny Juzang,Johnny,Juzang
1629662,Mfiondu Kabengele,Mfiondu,Kabengele
1630686,Georgios Kalaitzakis,Georgios,Kalaitzakis
2549,Chris Kaman,Chris,Kaman
1626163,Frank Kaminsky,Frank,Kaminsky
2574,Jason Kapono,Jason,Kapono
203508,Sergey Karasev,Sergey,Karasev
201619,Sasha Kaun,Sasha,Kaun
1631211,Trevor Keels,Trevor,Keels
203527,Ryan Kelly,Ryan,Kelly
1628379,Luke Kennard,Luke,Kennard
202810,D.J. Kennedy,D.J.,Kennedy
1631117,Walker Kessler,Walker,Kessler
1630296,Braxton Key,Braxton,Key
467,Jason Kidd,Jason,Kidd
1629742,Stanton Kidd,Stanton,Kidd
203077,Michael Kidd-Gilchrist,Michael,Kidd-Gilchrist
203930,Sean Kilpatrick,Sean,Kilpatrick
1628994,George King,George,King
1629663,Louis King,Louis,King
1905,Andrei Kirilenko,Andrei,Kirilenko
203945,Alex Kirk,Alex,Kirk
1630557,Corey Kispert,Corey,Kispert
1628467,Maxi Kleber,Maxi,Kleber
101132,Linas Kleiza,Linas,Kleiza
202688,Brandon Knight,Brandon,Knight
1630233,Nathan Knight,Nathan,Knight
1628995,Kevin Knox II,Kevin,Knox II
1631132,Christian Koloko,Christian,Koloko
1629723,John Konchar,John,Konchar
1627788,Furkan Korkmaz,Furkan,Korkmaz
1628436,Luke Kornet,Luke,Kornet
2594,Kyle Korver,Kyle,Korver
201585,Kosta Koufos,Kosta,Koufos
203139,Viacheslav Kravtsov,Viacheslav,Kravtsov
1630249,Vit Krejci,Vit,Krejci
2420,Nenad Krstic,Nenad,Krstic
1629083,Arnoldas Kulboka,Arnoldas,Kulboka
1630228,Jonathan Kuminga,Jonathan,Kuminga
1629066,Rodions Kurucs,Rodions,Kurucs
1628398,Kyle Kuzma,Kyle,Kuzma
203136,Ognjen Kuzmic,Ognjen,Kuzmic
1627851,Mindaugas Kuzminskas,Mindaugas,Kuzminskas
1631222,Jake LaRavia,Jake,LaRavia
203897,Zach LaVine,Zach,LaVine
1627746,Skal Labissiere,Skal,Labissiere
1630237,Anthony Lamb,Anthony,Lamb
203117,Doron Lamb,Doron,Lamb
203087,Jeremy Lamb,Jeremy,Lamb
1629111,Jock Landale,Jock,Landale
201171,Carl Landry,Carl,Landry
1629641,Romeo Langford,Romeo,Langford
1627879,Nicolas Laprovittola,Nicolas,Laprovittola
203499,Shane Larkin,Shane,Larkin
203530,Joffrey Lauvergne,Joffrey,Lauvergne
201151,Acie Law,Acie,Law
1629724,Vic Law,Vic,Law
202371,Gani Lawal,Gani,Lawal
1630639,A.J. Lawson,A.J.,Lawson
201951,Ty Lawson,Ty,Lawson
1627774,Jake Layman,Jake,Layman
1627747,Caris LeVert,Caris,LeVert
1628388,T.J. Leaf,T.J.,Leaf
1629665,Jalen Lecque,Jalen,Lecque
203495,Ricky Ledo,Ricky,Ledo
201584,Courtney Lee,Courtney,Lee
1627814,Damion Lee,Damion,Lee
101135,David Lee,David,Lee
202723,Malcolm Lee,Malcolm,Lee
1630240,Saben Lee,Saben,Lee
1627215,Walt Lemon Jr.,Walt,Lemon Jr.
203458,Alex Len,Alex,Len
202695,Kawhi Leonard,Kawhi,Leonard
203086,Meyers Leonard,Meyers,Leonard
202727,Travis Leslie,Travis,Leslie
202720,Jon Leuer,Jon,Leuer
1740,Rashard Lewis,Rashard,Lewis
1630575,Scottie Lewis,Scottie,Lewis
1630184,Kira Lewis Jr.,Kira,Lewis Jr.
202732,DeAndre Liggins,DeAndre,Liggins
203081,Damian Lillard,Damian,Lillard
202391,Jeremy Lin,Jeremy,Lin
1629642,Nassir Little,Nassir,Little
1630587,Isaiah Livers,Isaiah,Livers
2733,Shaun Livingston,Shaun,Livingston
1629155,Zach Lofton,Zach,Lofton
1631254,Kenneth Lofton Jr.,Kenneth,Lofton Jr.
1627848,Shawn Long,Shawn,Long
1626172,Kevon Looney,Kevon,Looney
201572,Brook Lopez,Brook,Lopez
201577,Robin Lopez,Robin,Lopez
1629712,Didi Louzada,Didi,Louzada
201567,Kevin Love,Kevin,Love
200768,Kyle Lowry,Kyle,Lowry
1628070,Jordan Loyd,Jordan,Loyd
203564,Kalin Lucas,Kalin,Lucas
101249,John Lucas III,John,Lucas III
1630994,Gabriel Lundberg,Gabriel,Lundberg
1627789,Timothe Luwawu-Cabarrot,Timothe,Luwawu-Cabarrot
1628399,Tyler Lydon,Tyler,Lydon
1626168,Trey Lyles,Trey,Lyles
1627815,Sheldon Mac,Sheldon,Mac
203159,Scott Machado,Scott,Machado
202714,Shelvin Mack,Shelvin,Mack
202731,Vernon Macklin,Vernon,Macklin
1629133,Daryl Macon,Daryl,Macon
1629122,J.P. Macura,J.P.,Macura
203705,Josh Magette,Josh,Magette
1894,Corey Maggette,Corey,Maggette
2048,Jamaal Magloire,Jamaal,Magloire
1630266,Will Magnay,Will,Magnay
101133,Ian Mahinmi,Ian,Mahinmi
1627748,Thon Maker,Thon,Maker
1630177,Theo Maledon,Theo,Maledon
1630572,Sandro Mamukelashvili,Sandro,Mamukelashvili
1630211,Karim Mane,Karim,Mane
1629611,Terance Mann,Terance,Mann
1630544,Tre Mann,Tre,Mann
1630185,Nico Mannion,Nico,Mannion
203906,Devyn Marble,Devyn,Marble
1890,Shawn Marion,Shawn,Marion
1626246,Boban Marjanovic,Boban,Marjanovic
1628374,Lauri Markkanen,Lauri,Markkanen
1752,Sean Marks,Sean,Marks
203088,Kendall Marshall,Kendall,Marshall
1630230,Naji Marshall,Naji,Marshall
1628997,Caleb Martin,Caleb,Martin
201858,Cartier Martin,Cartier,Martin
1628998,Cody Martin,Cody,Martin
1626185,Jarell Martin,Jarell,Martin
1629725,Jeremiah Martin,Jeremiah,Martin
1629103,Kelan Martin,Kelan,Martin
2030,Kenyon Martin,Kenyon,Martin
2755,Kevin Martin,Kevin,Martin
1631213,Tyrese Martin,Tyrese,Martin
1630231,Kenyon Martin Jr.,Kenyon,Martin Jr.
1628412,Frank Mason III,Frank,Mason III
2427,Roger Mason Jr.,Roger,Mason Jr.
1628999,Yante Maten,Yante,Maten
1629726,Garrison Mathews,Garrison,Mathews
1628493,Mangok Mathiang,Mangok,Mathiang
1629751,Dakota Mathias,Dakota,Mathias
1631097,Bennedict Mathurin,Bennedict,Mathurin
202083,Wesley Matthews,Wesley,Matthews
1630178,Tyrese Maxey,Tyrese,Maxey
101131,Jason Maxiell,Jason,Maxiell
201953,Eric Maynor,Eric,Maynor
201564,O.J. Mayo,O.J.,Mayo
1630219,Skylar Mays,Skylar,Mays
201601,Luc Mbah a Moute,Luc,Mbah a Moute
2788,DJ Mbenga,DJ,Mbenga
203949,James Michael McAdoo,James Michael,McAdoo
1630540,Miles McBride,Miles,McBride
1628769,Tahjere McCall,Tahjere,McCall
203492,Ray McCallum,Ray,McCallum
1627775,Patrick McCaw,Patrick,McCaw
1630644,Mac McClung,Mac,McClung
203468,CJ McCollum,CJ,McCollum
204456,T.J. McConnell,T.J.,McConnell
1628571,Erik McCree,Erik,McCree
1626191,Chris McCullough,Chris,McCullough
1630183,Jaden McDaniels,Jaden,McDaniels
1629667,Jalen McDaniels,Jalen,McDaniels
203909,KJ McDaniels,KJ,McDaniels
203926,Doug McDermott,Doug,McDermott
1630253,Sean McDermott,Sean,McDermott
686,Antonio McDyess,Antonio,McDyess
203956,Mitch McGary,Mitch,McGary
201580,JaVale McGee,JaVale,McGee
1631121,Bryce McGowens,Bryce,McGowens
1503,Tracy McGrady,Tracy,McGrady
1630787,Cameron McGriff,Cameron,McGriff
203585,Rodney McGruder,Rodney,McGruder
201187,Dominic McGuire,Dominic,McGuire
203590,Trey McKinney-Jones,Trey,McKinney-Jones
1628035,Alfonzo McKinnie,Alfonzo,McKinnie
1630605,JaQuori McLaughlin,JaQuori,McLaughlin
1629162,Jordan McLaughlin,Jordan,McLaughlin
203463,Ben McLemore,Ben,McLemore
202077,Jerel McNeal,Jerel,McNeal
203895,Jordan McRae,Jordan,McRae
201177,Josh McRoberts,Josh,McRoberts
201975,Jodie Meeks,Jodie,Meeks
1626257,Salah Mejri,Salah,Mejri
203539,Gal Mekel,Gal,Mekel
1629740,Nicolo Melli,Nicolo,Melli
203097,Fab Melo,Fab,Melo
1629001,De'Anthony Melton,De'Anthony,Melton
200822,Pops Mensah-Bonsu,Pops,Mensah-Bonsu
1630241,Sam Merrill,Sam,Merrill
1629002,Chimezie Metu,Chimezie,Metu
1626175,Jordan Mickey,Jordan,Mickey
203114,Khris Middleton,Khris,Middleton
1628450,Eric Mika,Eric,Mika
101139,CJ Miles,CJ,Miles
2545,Darko Milicic,Darko,Milicic
1889,Andre Miller,Andre,Miller
1802,Brad Miller,Brad,Miller
203121,Darius Miller,Darius,Miller
1626259,Malcolm Miller,Malcolm,Miller
2034,Mike Miller,Mike,Miller
203113,Quincy Miller,Quincy,Miller
201988,Patty Mills,Patty,Mills
202407,Elijah Millsap,Elijah,Millsap
200794,Paul Millsap,Paul,Millsap
1629003,Shake Milton,Shake,Milton
1631169,Josh Minott,Josh,Minott
202703,Nikola Mirotic,Nikola,Mirotic
1630558,Davion Mitchell,Davion,Mitchell
1628378,Donovan Mitchell,Donovan,Mitchell
203183,Tony Mitchell,Tony,Mitchell
203502,Tony Mitchell,Tony,Mitchell
1628513,Naz Mitrou-Long,Naz,Mitrou-Long
1630596,Evan Mobley,Evan,Mobley
1630600,Isaiah Mobley,Isaiah,Mobley
1737,Nazr Mohammed,Nazr,Mohammed
1629690,Adam Mokoka,Adam,Mokoka
1631320,Chima Moneke,Chima,Moneke
1628370,Malik Monk,Malik,Monk
202328,Greg Monroe,Greg,Monroe
1626242,Luis Montero,Luis,Montero
1630541,Moses Moody,Moses,Moody
200081,Jamario Moon,Jamario,Moon
1629875,Xavier Moon,Xavier,Moon
1629760,Matt Mooney,Matt,Mooney
1628500,Ben Moore,Ben,Moore
202734,E'Twaun Moore,E'Twaun,Moore
1630,Mikki Moore,Mikki,Moore
1631111,Wendell Moore Jr.,Wendell,Moore Jr.
1629630,Ja Morant,Ja,Morant
203961,Eric Moreland,Eric,Moreland
1629752,Juwan Morgan,Juwan,Morgan
202721,Darius Morris,Darius,Morris
1628537,Jaylen Morris,Jaylen,Morris
202693,Markieff Morris,Markieff,Morris
1628420,Monte Morris,Monte,Morris
202694,Marcus Morris Sr.,Marcus,Morris Sr.
201627,Anthony Morrow,Anthony,Morrow
202700,Donatas Motiejunas,Donatas,Motiejunas
1628405,Johnathan Motley,Johnathan,Motley
203102,Arnett Moultrie,Arnett,Moultrie
202389,Timofey Mozgov,Timofey,Mozgov
1626144,Emmanuel Mudiay,Emmanuel,Mudiay
203498,Shabazz Muhammad,Shabazz,Muhammad
1628539,Mychal Mulder,Mychal,Mulder
201957,Byron Mullens,Byron,Mullens
204098,Xavier Munford,Xavier,Munford
1630278,Ade Murkey,Ade,Murkey
203513,Erik Murphy,Erik,Murphy
203122,Kevin Murphy,Kevin,Murphy
2211,Troy Murphy,Troy,Murphy
1630530,Trey Murphy III,Trey,Murphy III
1627749,Dejounte Murray,Dejounte,Murray
1627750,Jamal Murray,Jamal,Murray
1631099,Keegan Murray,Keegan,Murray
203315,Toure' Murry,Toure',Murry
1629058,Dzanan Musa,Dzanan,Musa
203488,Mike Muscala,Mike,Muscala
1629004,Svi Mykhailiuk,Svi,Mykhailiuk
1627846,Abdel Nader,Abdel,Nader
2059,Eduardo Najera,Eduardo,Najera
1626204,Larry Nance Jr.,Larry,Nance Jr.
203894,Shabazz Napier,Shabazz,Napier
959,Steve Nash,Steve,Nash
202380,Hamady Ndiaye,Hamady,Ndiaye
1626254,Maurice Ndour,Maurice,Ndour
202390,Gary Neal,Gary,Neal
203517,Nemanja Nedovic,Nemanja,Nedovic
2749,Jameer Nelson,Jameer,Nelson
1629614,Andrew Nembhard,Andrew,Nembhard
1630612,RJ Nembhard Jr.,RJ,Nembhard Jr.
2403,Nene,,Nene
1630174,Aaron Nesmith,Aaron,Nesmith
203526,Raul Neto,Raul,Neto
1629005,Malik Newman,Malik,Newman
1627777,Georges Niang,Georges,Niang
203094,Andrew Nicholson,Andrew,Nicholson
1630227,Daishen Nix,Daishen,Nix
1630192,Zeke Nnaji,Zeke,Nnaji
201149,Joakim Noah,Joakim,Noah
2804,Andres Nocioni,Andres,Nocioni
203457,Nerlens Noel,Nerlens,Noel
203512,Lucas Nogueira,Lucas,Nogueira
1629668,Zach Norvell Jr.,Zach,Norvell Jr.
200779,Steve Novak,Steve,Novak
1629669,Jaylen Nowell,Jaylen,Nowell
1717,Dirk Nowitzki,Dirk,Nowitzki
1628373,Frank Ntilikina,Frank,Ntilikina
1629134,Kendrick Nunn,Kendrick,Nunn
203263,James Nunnally,James,Nunnally
203994,Jusuf Nurkic,Jusuf,Nurkic
1628021,David Nwaba,David,Nwaba
1629670,Jordan Nwora,Jordan,Nwora
1626266,JJ O'Brien,JJ,O'Brien
203948,Johnny O'Bryant III,Johnny,O'Bryant III
979,Jermaine O'Neal,Jermaine,O'Neal
406,Shaquille O'Neal,Shaquille,O'Neal
1626220,Royce O'Neale,Royce,O'Neale
203124,Kyle O'Quinn,Kyle,O'Quinn
101177,Fabricio Oberto,Fabricio,Oberto
1627849,Daniel Ochefu,Daniel,Ochefu
201141,Greg Oden,Greg,Oden
1885,Lamar Odom,Lamar,Odom
203317,Tim Ohlbrecht,Tim,Ohlbrecht
1628400,Semi Ojeleye,Semi,Ojeleye
2731,Emeka Okafor,Emeka,Okafor
1626143,Jahlil Okafor,Jahlil,Okafor
1629643,Chuma Okeke,Chuma,Okeke
1629059,Elie Okobo,Elie,Okobo
1629006,Josh Okogie,Josh,Okogie
1630168,Onyeka Okongwu,Onyeka,Okongwu
1630171,Isaac Okoro,Isaac,Okoro
1629644,KZ Okpala,KZ,Okpala
2246,Mehmet Okur,Mehmet,Okur
203506,Victor Oladipo,Victor,Oladipo
1628419,Cameron Oliver,Cameron,Oliver
203482,Kelly Olynyk,Kelly,Olynyk
1630647,Eugene Omoruyi,Eugene,Omoruyi
1629671,Miye Oni,Miye,Oni
202620,Arinze Onuaku,Arinze,Onuaku
1627778,Chinanu Onuaku,Chinanu,Onuaku
202350,Daniel Orton,Daniel,Orton
1626224,Cedi Osman,Cedi,Osman
1630187,Daniel Oturu,Daniel,Oturu
1626162,Kelly Oubre Jr.,Kelly,Oubre Jr.
2566,Travis Outlaw,Travis,Outlaw
202082,Larry Owens,Larry,Owens
1629745,Tariq Owens,Tariq,Owens
2585,Zaza Pachulia,Zaza,Pachulia
1629873,Jaysean Paige,Jaysean,Paige
1627779,Marcus Paige,Marcus,Paige
1629309,Trayvon Palmer,Trayvon,Palmer
1630698,Kevin Pangos,Kevin,Pangos
1627834,Georgios Papagiannis,Georgios,Papagiannis
203123,Kostas Papanikolaou,Kostas,Papanikolaou
2457,Jannero Pargo,Jannero,Pargo
202951,Jeremy Pargo,Jeremy,Pargo
1515,Anthony Parker,Anthony,Parker
203953,Jabari Parker,Jabari,Parker
2225,Tony Parker,Tony,Parker
202718,Chandler Parsons,Chandler,Parsons
1629672,Eric Paschall,Eric,Paschall
1628394,Anzejs Pasecniks,Anzejs,Pasecniks
203934,Lamar Patterson,Lamar,Patterson
202335,Patrick Patterson,Patrick,Patterson
1628383,Justin Patton,Justin,Patton
203464,Brandon Paul,Brandon,Paul
101108,Chris Paul,Chris,Paul
2562,Sasha Pavlovic,Sasha,Pavlovic
203940,Adreian Payne,Adreian,Payne
1626166,Cameron Payne,Cameron,Payne
203901,Elfrid Payton,Elfrid,Payton
1627780,Gary Payton II,Gary,Payton II
201593,Nikola Pekovic,Nikola,Pekovic
203658,Norvel Pelle,Norvel,Pelle
2570,Kendrick Perkins,Kendrick,Perkins
1628506,London Perrantes,London,Perrantes
1629617,Reggie Perry,Reggie,Perry
1628409,Alec Peters,Alec,Peters
2050,Morris Peterson,Morris,Peterson
101130,Johan Petro,Johan,Petro
1630691,Jamorko Pickett,Jamorko,Pickett
1718,Paul Pierce,Paul,Pierce
2554,Mickael Pietrus,Mickael,Pietrus
1629033,Theo Pinson,Theo,Pinson
1630590,Scotty Pippen Jr.,Scotty,Pippen Jr.
202354,Dexter Pittman,Dexter,Pittman
202353,Tibor Pleiss,Tibor,Pleiss
1627850,Marshall Plumlee,Marshall,Plumlee
203486,Mason Plumlee,Mason,Plumlee
203101,Miles Plumlee,Miles,Plumlee
1627751,Jakob Poeltl,Jakob,Poeltl
1629738,Vincent Poirier,Vincent,Poirier
1630197,Aleksej Pokusevski,Aleksej,Pokusevski
202347,Quincy Pondexter,Quincy,Pondexter
1629044,Shamorie Ponds,Shamorie,Ponds
1630582,Yves Pons,Yves,Pons
1629673,Jordan Poole,Jordan,Poole
1629007,Jontay Porter,Jontay,Porter
1629645,Kevin Porter Jr.,Kevin,Porter Jr.
1629008,Michael Porter Jr.,Michael,Porter Jr.
203490,Otto Porter Jr.,Otto,Porter Jr.
1626171,Bobby Portis,Bobby,Portis
204001,Kristaps Porzingis,Kristaps,Porzingis
1899,James Posey,James,Posey
1630695,Micah Potter,Micah,Potter
200796,Leon Powe,Leon,Powe
203939,Dwight Powell,Dwight,Powell
2694,Josh Powell,Josh,Powell
1629619,Myles Powell,Myles,Powell
1626181,Norman Powell,Norman,Powell
1627816,Alex Poythress,Alex,Poythress
203515,Phil Pressey,Phil,Pressey
1630554,Jason Preston,Jason,Preston
201985,AJ Price,AJ,Price
101179,Ronnie Price,Ronnie,Price
203143,Pablo Prigioni,Pablo,Prigioni
1630563,Joshua Primo,Joshua,Primo
1627752,Taurean Prince,Taurean,Prince
2419,Tayshaun Prince,Tayshaun,Prince
1630202,Payton Pritchard,Payton,Pritchard
2038,Joel Przybilla,Joel,Przybilla
1626643,Jacob Pullen,Jacob,Pullen
1628681,Rodney Purvis,Rodney,Purvis
1627817,Tim Quarterman,Tim,Quarterman
1630243,Trevelin Queen,Trevelin,Queen
1629674,Neemias Queta,Neemias,Queta
1630193,Immanuel Quickley,Immanuel,Quickley
200809,Chris Quinn,Chris,Quinn
1631311,Lester Quinones,Lester,Quinones
1628397,Ivan Rabb,Ivan,Rabb
2209,Vladimir Radmanovic,Vladimir,Radmanovic
203545,Miroslav Raduljica,Miroslav,Raduljica
1630186,Jahmi'us Ramsey,Jahmi'us,Ramsey
1626184,Chasson Randle,Chasson,Randle
203944,Julius Randle,Julius,Randle
201576,Anthony Randolph,Anthony,Randolph
101183,Shavlik Randolph,Shavlik,Randolph
2216,Zach Randolph,Zach,Randolph
1628504,Xavier Rathan-Mayes,Xavier,Rathan-Mayes
689,Theo Ratliff,Theo,Ratliff
202360,Andy Rautins,Andy,Rautins
1630559,Austin Reaves,Austin,Reaves
1629729,Josh Reaves,Josh,Reaves
2072,Michael Redd,Michael,Redd
1629629,Cam Reddish,Cam,Reddish
200755,JJ Redick,JJ,Redick
1628432,Davon Reed,Davon,Reed
1630194,Paul Reed,Paul,Reed
203186,Willie Reed,Willie,Reed
1629675,Naz Reid,Naz,Reid
202385,Ryan Reid,Ryan,Reid
1629244,Cam Reynolds,Cam,Reynolds
1631197,Jared Rhoden,Jared,Rhoden
203318,Glen Rice,Glen,Rice
1630208,Nick Richards,Nick,Richards
2202,Jason Richardson,Jason,Richardson
1626196,Josh Richardson,Josh,Richardson
1627781,Malachi Richardson,Malachi,Richardson
2047,Quentin Richardson,Quentin,Richardson
2557,Luke Ridnour,Luke,Ridnour
1630203,Grant Riller,Grant,Riller
203085,Austin Rivers,Austin,Rivers
203460,Andre Roberson,Andre,Roberson
203148,Brian Roberts,Brian,Roberts
1628421,Devin Robinson,Devin,Robinson
1629130,Duncan Robinson,Duncan,Robinson
1629010,Jerome Robinson,Jerome,Robinson
1629620,Justin Robinson,Justin,Robinson
1629011,Mitchell Robinson,Mitchell,Robinson
101126,Nate Robinson,Nate,Robinson
1631115,Orlando Robinson,Orlando,Robinson
203080,Thomas Robinson,Thomas,Robinson
203922,Glenn Robinson III,Glenn,Robinson III
1630526,Jeremiah Robinson-Earl,Jeremiah,Robinson-Earl
1629676,Isaiah Roby,Isaiah,Roby
1631223,David Roddy,David,Roddy
200771,Sergio Rodriguez,Sergio,Rodriguez
1631157,Ryan Rollins,Ryan,Rollins
200765,Rajon Rondo,Rajon,Rondo
201565,Derrick Rose,Derrick,Rose
2624,Quinton Ross,Quinton,Ross
203082,Terrence Ross,Terrence,Ross
200750,Brandon Roy,Brandon,Roy
1626179,Terry Rozier,Terry,Rozier
201937,Ricky Rubio,Ricky,Rubio
204014,Damjan Rudez,Damjan,Rudez
201575,Brandon Rush,Brandon,Rush
1626156,D'Angelo Russell,D'Angelo,Russell
201041,Walker Russell,Walker,Russell
1630346,Matt Ryan,Matt,Ryan
1627734,Domantas Sabonis,Domantas,Sabonis
203135,Robert Sacre,Robert,Sacre
2422,John Salmons,John,Salmons
1629677,Luka Samanic,Luka,Samanic
1629102,Brandon Sampson,Brandon,Sampson
203960,JaKarr Sampson,JaKarr,Sampson
202396,Samardo Samuels,Samardo,Samuels
202336,Larry Sanders,Larry,Sanders
203967,Dario Saric,Dario,Saric
1630846,Olivier Sarr,Olivier,Sarr
203107,Tomas Satoransky,Tomas,Satoransky
2243,Brian Scalabrine,Brian,Scalabrine
1630648,Jordan Schakel,Jordan,Schakel
1629678,Admiral Schofield,Admiral,Schofield
203471,Dennis Schroder,Dennis,Schroder
2449,Luis Scola,Luis,Scola
203118,Mike Scott,Mike,Scott
1630286,Trevon Scott,Trevon,Scott
1630206,Jay Scrubb,Jay,Scrubb
1631220,Dereon Seabron,Dereon,Seabron
200757,Thabo Sefolosha,Thabo,Sefolosha
202729,Josh Selby,Josh,Selby
1627782,Wayne Selden,Wayne,Selden
1630578,Alperen Sengun,Alperen,Sengun
202338,Kevin Seraphin,Kevin,Seraphin
201196,Ramon Sessions,Ramon,Sessions
1629012,Collin Sexton,Collin,Sexton
201203,Mustafa Shakur,Mustafa,Shakur
1629013,Landry Shamet,Landry,Shamet
1630549,Day'Ron Sharpe,Day'Ron,Sharpe
1631101,Shaedon Sharpe,Shaedon,Sharpe
1629621,Marial Shayok,Marial,Shayok
203129,Tornike Shengelia,Tornike,Shengelia
202697,Iman Shumpert,Iman,Shumpert
203144,Alexey Shved,Alexey,Shved
1627783,Pascal Siakam,Pascal,Siakam
1626296,Jordan Sibert,Jordan,Sibert
202918,Xavier Silas,Xavier,Silas
202081,Garret Siler,Garret,Siler
1629735,Chris Silva,Chris,Silva
1627732,Ben Simmons,Ben,Simmons
2250,Bobby Simmons,Bobby,Simmons
203613,Jonathon Simmons,Jonathon,Simmons
1628424,Kobi Simmons,Kobi,Simmons
1630250,Marko Simonovic,Marko,Simonovic
1629014,Anfernee Simons,Anfernee,Simons
202067,Diamon Simpson,Diamon,Simpson
1630285,Zavier Simpson,Zavier,Simpson
203156,Henry Sims,Henry,Sims
1630579,Jericho Sims,Jericho,Sims
202713,Kyle Singler,Kyle,Singler
202698,Chris Singleton,Chris,Singleton
101189,James Singleton,James,Singleton
1629686,Deividas Sirvydis,Deividas,Sirvydis
203491,Peyton Siva,Peyton,Siva
1730,Brian Skinner,Brian,Skinner
202388,Donald Sloan,Donald,Sloan
1629346,Alen Smailagic,Alen,Smailagic
1630606,Javonte Smart,Javonte,Smart
203935,Marcus Smart,Marcus,Smart
203147,Chris Smith,Chris,Smith
200783,Craig Smith,Craig,Smith
1630696,Dru Smith,Dru,Smith
202962,Greg Smith,Greg,Smith
202397,Ish Smith,Ish,Smith
2747,JR Smith,JR,Smith
1630188,Jalen Smith,Jalen,Smith
201160,Jason Smith,Jason,Smith
202536,Jerry Smith,Jerry,Smith
693,Joe Smith,Joe,Smith
2746,Josh Smith,Josh,Smith
202701,Nolan Smith,Nolan,Smith
203893,Russ Smith,Russ,Smith
1629015,Zhaire Smith,Zhaire,Smith
1628372,Dennis Smith Jr.,Dennis,Smith Jr.
1631095,Jabari Smith Jr.,Jabari,Smith Jr.
1630270,Xavier Sneed,Xavier,Sneed
203503,Tony Snell,Tony,Snell
1631110,Jeremy Sochan,Jeremy,Sochan
2443,Darius Songaila,Darius,Songaila
203480,James Southerland,James,Southerland
1629034,Ray Spalding,Ray,Spalding
201578,Marreese Speights,Marreese,Speights
1629016,Omari Spellman,Omari,Spellman
1630311,Pat Spencer,Pat,Spencer
201168,Tiago Splitter,Tiago,Splitter
1630531,Jaden Springer,Jaden,Springer
711,Jerry Stackhouse,Jerry,Stackhouse
1630199,Cassius Stanley,Cassius,Stanley
203917,Nik Stauskas,Nik,Stauskas
203474,DJ Stephens,DJ,Stephens
202362,Lance Stephenson,Lance,Stephenson
1627293,Alex Stepheson,Alex,Stepheson
1630205,Lamar Stevens,Lamar,Stevens
2052,DeShawn Stevenson,DeShawn,Stevenson
1630597,DJ Stewart,DJ,Stewart
1630191,Isaiah Stewart,Isaiah,Stewart
201880,Greg Stiemsma,Greg,Stiemsma
204065,David Stockton,David,Stockton
978,Peja Stojakovic,Peja,Stojakovic
203950,Jarnell Stokes,Jarnell,Stokes
1627754,Diamond Stone,Diamond,Stone
202933,Julyan Stone,Julyan,Stone
2405,Amar'e Stoudemire,Amar'e,Stoudemire
1629622,Max Strus,Max,Strus
201155,Rodney Stuckey,Rodney,Stuckey
1630591,Jalen Suggs,Jalen,Suggs
203096,Jared Sullinger,Jared,Sullinger
201969,DaJuan Summers,DaJuan,Summers
1628410,Edmond Sumner,Edmond,Sumner
1628403,Caleb Swanigan,Caleb,Swanigan
1631306,Cole Swider,Cole,Swider
1628591,Craig Sword,Craig,Sword
202377,Pape Sy,Pape,Sy
1626208,Keifer Sykes,Keifer,Sykes
1630256,Jae'Sean Tate,Jae'Sean,Tate
1628369,Jayson Tatum,Jayson,Tatum
204002,Edy Tavares,Edy,Tavares
1627819,Isaiah Taylor,Isaiah,Taylor
203106,Jeffery Taylor,Jeffery,Taylor
201966,Jermaine Taylor,Jermaine,Taylor
1630678,Terry Taylor,Terry,Taylor
203116,Tyshawn Taylor,Tyshawn,Taylor
201952,Jeff Teague,Jeff,Teague
203104,Marquis Teague,Marquis,Teague
203141,Mirza Teletovic,Mirza,Teletovic
2742,Sebastian Telfair,Sebastian,Telfair
202066,Garrett Temple,Garrett,Temple
1628462,Milos Teodosic,Milos,Teodosic
1629123,Jared Terrell,Jared,Terrell
1631207,Dalen Terry,Dalen,Terry
1629150,Emanuel Terry,Emanuel,Terry
1891,Jason Terry,Jason,Terry
1630179,Tyrell Terry,Tyrell,Terry
1630257,Jon Teske,Jon,Teske
201934,Hasheem Thabeet,Hasheem,Thabeet
1628464,Daniel Theis,Daniel,Theis
203519,Adonis Thomas,Adonis,Thomas
1630271,Brodric Thomas,Brodric,Thomas
1630560,Cam Thomas,Cam,Thomas
2041,Etan Thomas,Etan,Thomas
202738,Isaiah Thomas,Isaiah,Thomas
1629017,Khyri Thomas,Khyri,Thomas
703,Kurt Thomas,Kurt,Thomas
202498,Lance Thomas,Lance,Thomas
202952,Malcolm Thomas,Malcolm,Thomas
1629744,Matt Thomas,Matt,Thomas
200748,Tyrus Thomas,Tyrus,Thomas
202717,Trey Thompkins,Trey,Thompkins
203138,Hollis Thompson,Hollis,Thompson
201574,Jason Thompson,Jason,Thompson
202691,Klay Thompson,Klay,Thompson
202814,Mychel Thompson,Mychel,Thompson
202684,Tristan Thompson,Tristan,Thompson
1630550,JT Thor,JT,Thor
201154,Al Thornton,Al,Thornton
201977,Marcus Thornton,Marcus,Thornton
1628414,Sindarius Thornwell,Sindarius,Thornwell
1629680,Matisse Thybulle,Matisse,Thybulle
1629681,Killian Tillie,Killian,Tillie
1630214,Xavier Tillman,Xavier,Tillman
2224,Jamaal Tinsley,Jamaal,Tinsley
1627861,Mike Tobey,Mike,Tobey
1630225,Isaiah Todd,Isaiah,Todd
201229,Anthony Tolliver,Anthony,Tolliver
1630167,Obi Toppin,Obi,Toppin
1629308,Juan Toscano-Anderson,Juan,Toscano-Anderson
1626253,Axel Toupane,Axel,Toupane
1626157,Karl-Anthony Towns,Karl-Anthony,Towns
1629018,Gary Trent Jr.,Gary,Trent Jr.
1629019,Allonzo Trier,Allonzo,Trier
200782,P.J. Tucker,P.J.,Tucker
1629730,Rayjon Tucker,Rayjon,Tucker
101142,Ronny Turiaf,Ronny,Turiaf
2045,Hedo Turkoglu,Hedo,Turkoglu
202323,Evan Turner,Evan,Turner
1626167,Myles Turner,Myles,Turner
202719,Jeremy Tyler,Jeremy,Tyler
202775,Edwin Ubiles,Edwin,Ubiles
202327,Ekpe Udoh,Ekpe,Udoh
2137,Ime Udoka,Ime,Udoka
2757,Beno Udrih,Beno,Udrih
1627755,Tyler Ulis,Tyler,Ulis
1630649,Stanley Umude,Stanley,Umude
1627784,Jarrod Uthoff,Jarrod,Uthoff
202386,Ben Uzoh,Ben,Uzoh
202685,Jonas Valanciunas,Jonas,Valanciunas
1627756,Denzel Valentine,Denzel,Valentine
1627832,Fred VanVleet,Fred,VanVleet
1629020,Jarred Vanderbilt,Jarred,Vanderbilt
2760,Anderson Varejao,Anderson,Varejao
202363,Jarvis Varnado,Jarvis,Varnado
202349,Greivis Vasquez,Greivis,Vasquez
1630170,Devin Vassell,Devin,Vassell
1626173,Rashad Vaughn,Rashad,Vaughn
202686,Jan Vesely,Jan,Vesely
101111,Charlie Villanueva,Charlie,Villanueva
1629216,Gabe Vincent,Gabe,Vincent
203943,Noah Vonleh,Noah,Vonleh
202696,Nikola Vucevic,Nikola,Vucevic
2756,Sasha Vujacic,Sasha,Vujacic
1629731,Dean Wade,Dean,Wade
2548,Dwyane Wade,Dwyane,Wade
101144,Von Wafer,Von,Wafer
1630532,Franz Wagner,Franz,Wagner
1629021,Moritz Wagner,Moritz,Wagner
1630688,Ish Wainright,Ish,Wainright
203079,Dion Waiters,Dion,Waiters
201611,Henry Walker,Henry,Walker
1631133,Jabari Walker,Jabari,Walker
202689,Kemba Walker,Kemba,Walker
1630640,MJ Walker,MJ,Walker
1629022,Lonnie Walker IV,Lonnie,Walker IV
202322,John Wall,John,Wall
1112,Ben Wallace,Ben,Wallace
2222,Gerald Wallace,Gerald,Wallace
739,Rasheed Wallace,Rasheed,Wallace
1627820,Tyrone Wallace,Tyrone,Wallace
2575,Luke Walton,Luke,Walton
1628476,Derrick Walton Jr.,Derrick,Walton Jr.
202954,Brad Wanamaker,Brad,Wanamaker
203810,Casper Ware,Casper,Ware
1627866,Jameel Warney,Jameel,Warney
203933,T.J. Warren,T.J.,Warren
202378,Willie Warren,Willie,Warren
101124,Hakim Warrick,Hakim,Warrick
1627395,Julian Washburn,Julian,Washburn
1629023,P.J. Washington,P.J.,Washington
1630613,Duane Washington Jr.,Duane,Washington Jr.
1631102,TyTy Washington Jr.,TyTy,Washington Jr.
1629139,Yuta Watanabe,Yuta,Watanabe
1629682,Tremont Waters,Tremont,Waters
1630322,Lindy Waters III,Lindy,Waters III
1630570,Trendon Watford,Trendon,Watford
201208,Darryl Watkins,Darryl,Watkins
201228,C.J. Watson,C.J.,Watson
2248,Earl Watson,Earl,Watson
1628778,Paul Watson,Paul,Watson
1631212,Peyton Watson,Peyton,Watson
203146,Maalik Wayns,Maalik,Wayns
204033,David Wear,David,Wear
204037,Travis Wear,Travis,Wear
1629683,Quinndary Weatherspoon,Quinndary,Weatherspoon
201602,Kyle Weaver,Kyle,Weaver
1627821,James Webb III,James,Webb III
1627362,Briante Weber,Briante,Weber
101110,Martell Webster,Martell,Webster
201603,Sonny Weems,Sonny,Weems
1629118,Thomas Welsh,Thomas,Welsh
1631104,Blake Wesley,Blake,Wesley
2561,David West,David,West
2753,Delonte West,Delonte,West
201238,Mario West,Mario,West
201566,Russell Westbrook,Russell,Westbrook
1629632,Coby White,Coby,White
201591,DJ White,DJ,White
1628401,Derrick White,Derrick,White
1631298,Jack White,Jack,White
200778,James White,James,White
1627855,Okaro White,Okaro,White
203091,Royce White,Royce,White
1628510,Andrew White III,Andrew,White III
1627785,Isaiah Whitehead,Isaiah,Whitehead
202355,Hassan Whiteside,Hassan,Whiteside
204222,Greg Whittington,Greg,Whittington
203963,Shayne Whittington,Shayne,Whittington
1630580,Joe Wieskamp,Joe,Wieskamp
1630598,Aaron Wiggins,Aaron,Wiggins
203952,Andrew Wiggins,Andrew,Wiggins
1629623,Lindell Wigginton,Lindell,Wigginton
203912,C.J. Wilcox,C.J.,Wilcox
2404,Chris Wilcox,Chris,Wilcox
1628451,Jacob Wiley,Jacob,Wiley
2863,Damien Wilkins,Damien,Wilkins
1626210,Alan Williams,Alan,Williams
1631214,Alondes Williams,Alondes,Williams
1630314,Brandon Williams,Brandon,Williams
203710,C.J. Williams,C.J.,Williams
101114,Deron Williams,Deron,Williams
202682,Derrick Williams,Derrick,Williams
202343,Elliot Williams,Elliot,Williams
1629684,Grant Williams,Grant,Williams
1631114,Jalen Williams,Jalen,Williams
1715,Jason Williams,Jason,Williams
101214,Jawad Williams,Jawad,Williams
1631119,Jaylin Williams,Jaylin,Williams
1631466,Jeenathan Williams,Jeenathan,Williams
1629140,Johnathan Williams,Johnathan,Williams
202716,Jordan Williams,Jordan,Williams
1629026,Kenrich Williams,Kenrich,Williams
101150,Lou Williams,Lou,Williams
1631109,Mark Williams,Mark,Williams
101107,Marvin Williams,Marvin,Williams
2590,Mo Williams,Mo,Williams
1630172,Patrick Williams,Patrick,Williams
202130,Reggie Williams,Reggie,Williams
201157,Sean Williams,Sean,Williams
200761,Shawne Williams,Shawne,Williams
200749,Shelden Williams,Shelden,Williams
201944,Terrence Williams,Terrence,Williams
1627786,Troy Williams,Troy,Williams
1630533,Ziaire Williams,Ziaire,Williams
1629057,Robert Williams III,Robert,Williams III
1628475,Matt Williams Jr.,Matt,Williams Jr.
1631246,Vince Williams Jr.,Vince,Williams Jr.
1628430,Nigel Williams-Goss,Nigel,Williams-Goss
1629627,Zion Williamson,Zion,Williamson
1628391,D.J. Wilson,D.J.,Wilson
203966,Jamil Wilson,Jamil,Wilson
1627787,Kyle Wiltjer,Kyle,Wiltjer
1629685,Dylan Windler,Dylan,Windler
1626159,Justise Winslow,Justise,Winslow
1630216,Cassius Winston,Cassius,Winston
1630164,James Wiseman,James,Wiseman
203481,Jeff Withey,Jeff,Withey
203489,Nate Wolters,Nate,Wolters
1626174,Christian Wood,Christian,Wood
1630218,Robert Woodard II,Robert,Woodard II
1897,Metta World Peace,Metta,World Peace
101120,Antoine Wright,Antoine,Wright
201148,Brandan Wright,Brandan,Wright
202874,Chris Wright,Chris,Wright
203203,Chris Wright,Chris,Wright
1626153,Delon Wright,Delon,Wright
2748,Dorell Wright,Dorell,Wright
201153,Julian Wright,Julian,Wright
1630589,Moses Wright,Moses,Wright
1630593,McKinley Wright IV,McKinley,Wright IV
1629625,Justin Wright-Foreman,Justin,Wright-Foreman
203100,Tony Wroten,Tony,Wroten
1627824,Guerschon Yabusele,Guerschon,Yabusele
2397,Yao Ming,,Yao Ming
201146,Yi Jianlian,,Yi Jianlian
1628221,Gabe York,Gabe,York
203923,James Young,James,Young
1626202,Joe Young,Joe,Young
201156,Nick Young,Nick,Young
201970,Sam Young,Sam,Young
201152,Thaddeus Young,Thaddeus,Young
1629027,Trae Young,Trae,Young
1630209,Omer Yurtseven,Omer,Yurtseven
203469,Cody Zeller,Cody,Zeller
202545,Luke Zeller,Luke,Zeller
203092,Tyler Zeller,Tyler,Zeller
1627753,Zhou Qi,,Zhou Qi
1627757,Stephen Zimmerman,Stephen,Zimmerman
1627835,Paul Zipser,Paul,Zipser
1627790,Ante Zizic,Ante,Zizic
1627826,Ivica Zubac,Ivica,Zubac
